"20ی276","77544725950","پراید","teal"
"93ی216","77544725950","تیوتا","black"
"88س338","77544725950","پراید","purple"
"85ط409","26294078308","لامبورگینی","blue"
"82و248","78530251293","دنا","teal"
"90ر506","78530251293","دنا","teal"
"96و526","89489374040","پژو","lime"
"81ب959","89489374040","پژو","maroon"
"77ج209","55158845767","لامبورگینی","silver"
"33ر379","17939864931","هیوندا","blue"
"56ط139","10836598581","رانا","blue"
"96ق787","10836598581","دنا","lime"
"78ط421","78132631313","پژو","silver"
"34و599","91763548751","پراید","navy"
"16ق406","91763548751","هیوندا","maroon"
"64و472","91763548751","لامبورگینی","lime"
"24و584","35906781337","پژو","olive"
"16و677","35906781337","رانا","olive"
"53ی063","35906781337","رانا","blue"
"47ج638","47515815408","پراید","olive"
"95ط127","31876830391","هیوندا","aqua"
"61ط283","81878779006","پژو","navy"
"59ط893","81878779006","هیوندا","fuchsia"
"65س786","32468045647","رانا","yellow"
"77ر480","32468045647","هیوندا","olive"
"46س258","32468045647","دنا","white"
"84ج060","16270661157","پژو","green"
"72ی697","46868635368","پژو","teal"
"84ق269","46868635368","لامبورگینی","white"
"13س070","38465622758","دنا","gray"
"67ی531","38465622758","پراید","navy"
"27س094","38465622758","پژو","purple"
"33س048","81829153760","دنا","gray"
"77و619","92722593120","لامبورگینی","blue"
"94و444","92722593120","تیوتا","silver"
"51س885","92722593120","رانا","aqua"
"16ق688","49699289051","لامبورگینی","aqua"
"68ج062","49699289051","پژو","lime"
"12ج429","49699289051","رانا","white"
"18و168","49444050786","پژو","olive"
"24ط319","49444050786","رانا","blue"
"29و378","49444050786","رانا","fuchsia"
"91ی142","87243587117","لامبورگینی","aqua"
"87ق660","21315319061","دنا","aqua"
"68ق900","50410456832","تیوتا","teal"
"65ب855","50410456832","پژو","green"
"37ج672","50410456832","پراید","black"
"47و167","90477191975","پژو","aqua"
"99س130","25148532726","لامبورگینی","purple"
"40ج430","27948080795","رانا","fuchsia"
"87ر772","89730462994","تیوتا","teal"
"92ی598","67934928652","تیوتا","teal"
"96ق450","67934928652","پراید","blue"
"17ر561","83725168934","هیوندا","olive"
"61ط684","83725168934","پراید","blue"
"81س149","83725168934","رانا","green"
"21ر843","40710854608","پراید","fuchsia"
"64و699","40710854608","هیوندا","aqua"
"99ی490","88999646911","تیوتا","navy"
"18ب939","88999646911","تیوتا","silver"
"93ی095","88999646911","تیوتا","gray"
"14ی615","94481623211","هیوندا","aqua"
"80و713","94481623211","لامبورگینی","silver"
"32ی827","61194432778","پراید","gray"
"86و116","61194432778","رانا","gray"
"44ر913","43490377172","پژو","gray"
"84س473","43490377172","تیوتا","purple"
"42ق718","43490377172","هیوندا","black"
"92ق539","12177433132","پراید","maroon"
"57ق147","12177433132","پژو","silver"
"29ق931","12177433132","تیوتا","black"
"22و860","30560768829","پراید","aqua"
"24و858","89189330471","رانا","blue"
"76ط994","89189330471","پراید","purple"
"11ج990","89189330471","پژو","gray"
"36ب687","72639553380","لامبورگینی","aqua"
"39س928","72639553380","دنا","green"
"42ب240","72639553380","پژو","white"
"47س634","90906710369","پژو","black"
"34ج316","72871767351","رانا","silver"
"39ق858","36140017165","هیوندا","lime"
"49ب271","20580426949","لامبورگینی","olive"
"15ط738","19638421677","تیوتا","fuchsia"
"88ب548","19638421677","رانا","blue"
"47ب154","87900111405","لامبورگینی","maroon"
"28ب729","11857134636","رانا","white"
"32و163","11857134636","تیوتا","lime"
"52ج030","11857134636","دنا","green"
"53ج532","31225030440","هیوندا","lime"
"71و713","31225030440","پژو","olive"
"26ط743","34940124807","هیوندا","silver"
"61ر464","57887985047","تیوتا","lime"
"12ق861","10800956955","دنا","silver"
"22و962","10800956955","تیوتا","maroon"
"79ر171","10800956955","هیوندا","yellow"
"29و610","70862768740","پراید","lime"
"51ی682","40727932320","رانا","white"
"22س680","40727932320","پژو","purple"
"64ب819","40727932320","تیوتا","aqua"
"47ی135","18310014484","هیوندا","aqua"
"14ط230","18310014484","رانا","gray"
"32و598","18310014484","لامبورگینی","white"
"51ب934","96783651642","هیوندا","white"
"49ر703","96783651642","پژو","green"
"68و934","91292880953","لامبورگینی","teal"
"22ج650","75588864576","پژو","black"
"34ر539","91220466303","پراید","lime"
"95ر330","90072871913","تیوتا","white"
"18ج372","90072871913","لامبورگینی","yellow"
"17س767","90072871913","تیوتا","black"
"54و134","93787962301","لامبورگینی","purple"
"70ر889","27898951846","پراید","navy"
"50ق115","27898951846","دنا","aqua"
"64ر659","27898951846","رانا","purple"
"73ق809","86417096553","هیوندا","white"
"61ق157","46762050920","پژو","silver"
"41و488","33837096466","پراید","gray"
"22ق048","33837096466","رانا","purple"
"32ج539","42280620712","لامبورگینی","blue"
"81ط196","42280620712","پژو","olive"
"79ب385","19603686032","پراید","white"
"11ر290","39379516831","دنا","teal"
"58ب102","39379516831","هیوندا","olive"
"12ق389","39379516831","تیوتا","aqua"
"64ر784","12221817893","لامبورگینی","black"
"79و664","57910823313","لامبورگینی","purple"
